{
	"ambientocclusion": false,
	"textures": {
		"texture": "block/ladder",
		"particle": "block/ladder"
	},
	"elements": [
		{
			"__comment": "left part",
			"from": [ 12, 0, 15 ],
			"to": [ 14, 16, 16 ],
			"faces": {
				"down": { "uv": [ 2, 15, 4, 16 ], "texture": "#texture" },
				"up": { "uv": [ 2, 0, 4, 1 ], "texture": "#texture" },
				"north": { "uv": [ 2, 0, 4, 16 ], "texture": "#texture" },
				"south": { "uv": [ 2, 0, 4, 16 ], "texture": "#texture" },
				"west": { "uv": [ 3, 0, 2, 16 ], "texture": "#texture" },
				"east": { "uv": [ 4, 0, 3, 16 ], "texture": "#texture" }
			}
		},
		{
			"__comment": "top",
			"from": [ 1, 13, 14 ],
			"to": [ 15, 15, 15 ],
			"faces": {
				"down": { "uv": [ 1, 14.5, 15, 15 ], "texture": "#texture" },
				"up": { "uv": [ 1, 1, 15, 2 ], "texture": "#texture" },
				"north": { "uv": [ 1, 1, 15, 3 ], "texture": "#texture" },
				"south": { "uv": [ 1, 1, 15, 3 ], "texture": "#texture" },
				"west": { "uv": [ 1, 1, 2, 3 ], "texture": "#texture" },
				"east": { "uv": [ 14, 1, 15, 3 ], "texture": "#texture" }
			}
		},
		{
			"__comment": "middle top",
			"from": [ 1, 9, 14 ],
			"to": [ 15, 11, 15 ],
			"faces": {
				"down": { "uv": [ 1, 14.5, 15, 15 ], "texture": "#texture" },
				"up": { "uv": [ 1, 5, 15, 6 ], "texture": "#texture" },
				"north": { "uv": [ 1, 5, 15, 7 ], "texture": "#texture" },
				"south": { "uv": [ 1, 5, 15, 7 ], "texture": "#texture" },
				"west": { "uv": [ 1, 5, 2, 7 ], "texture": "#texture" },
				"east": { "uv": [ 14, 5, 15, 7 ], "texture": "#texture" }
			}
		},
		{
			"__comment": "middle bottom",
			"from": [ 1, 5, 14 ],
			"to": [ 15, 7, 15 ],
			"faces": {
				"down": { "uv": [ 1, 14.5, 15, 15 ], "texture": "#texture" },
				"up": { "uv": [ 1, 9, 15, 10 ], "texture": "#texture" },
				"north": { "uv": [ 1, 9, 15, 11 ], "texture": "#texture" },
				"south": { "uv": [ 1, 9, 15, 11 ], "texture": "#texture" },
				"west": { "uv": [ 1, 9, 2, 11 ], "texture": "#texture" },
				"east": { "uv": [ 14, 9, 15, 11 ], "texture": "#texture" }
			}
		},
		{
			"__comment": "bottom",
			"from": [ 1, 1, 14 ],
			"to": [ 15, 3, 15 ],
			"faces": {
				"down": { "uv": [ 1, 14.5, 15, 15 ], "texture": "#texture" },
				"up": { "uv": [ 1, 13, 15, 14 ], "texture": "#texture" },
				"north": { "uv": [ 1, 13, 15, 15 ], "texture": "#texture" },
				"south": { "uv": [ 1, 13, 15, 15 ], "texture": "#texture" },
				"west": { "uv": [ 1, 13, 2, 15 ], "texture": "#texture" },
				"east": { "uv": [ 14, 13, 15, 15 ], "texture": "#texture" }
			}
		},
		{
			"__comment": "right part",
			"from": [ 2, 0, 15 ],
			"to": [ 4, 16, 16 ],
			"faces": {
				"down": { "uv": [ 12, 15, 14, 16 ], "texture": "#texture" },
				"up": { "uv": [ 12, 0, 14, 1 ], "texture": "#texture" },
				"north": { "uv": [ 12, 0, 14, 16 ], "texture": "#texture" },
				"south": { "uv": [ 12, 0, 14, 16 ], "texture": "#texture" },
				"west": { "uv": [ 13, 0, 12, 16 ], "texture": "#texture" },
				"east": { "uv": [ 14, 0, 13, 16 ], "texture": "#texture" }
			}
		}
	]
}