{
    "variants": {
        "facing=north": [
			{ "model": "block/jack_o_lantern/jack_o_lantern0" },
			{ "model": "block/jack_o_lantern/jack_o_lantern1" },
			{ "model": "block/jack_o_lantern/jack_o_lantern2" },
			{ "model": "block/jack_o_lantern/jack_o_lantern3" },
			{ "model": "block/jack_o_lantern/jack_o_lantern4" }
			],
        "facing=south":  [
			{ "model": "block/jack_o_lantern/jack_o_lantern0", "y": 180 },
			{ "model": "block/jack_o_lantern/jack_o_lantern1", "y": 180 },
			{ "model": "block/jack_o_lantern/jack_o_lantern2", "y": 180 },
			{ "model": "block/jack_o_lantern/jack_o_lantern3", "y": 180 },
			{ "model": "block/jack_o_lantern/jack_o_lantern4", "y": 180 }
			],
        "facing=west": [
			{ "model": "block/jack_o_lantern/jack_o_lantern0", "y": 270 },
			{ "model": "block/jack_o_lantern/jack_o_lantern1", "y": 270 },
			{ "model": "block/jack_o_lantern/jack_o_lantern2", "y": 270 },
			{ "model": "block/jack_o_lantern/jack_o_lantern3", "y": 270 },
			{ "model": "block/jack_o_lantern/jack_o_lantern4", "y": 270 }
			],
        "facing=east": [
			{ "model": "block/jack_o_lantern/jack_o_lantern0", "y": 90 },
			{ "model": "block/jack_o_lantern/jack_o_lantern1", "y": 90 },
			{ "model": "block/jack_o_lantern/jack_o_lantern2", "y": 90 },
			{ "model": "block/jack_o_lantern/jack_o_lantern3", "y": 90 },
			{ "model": "block/jack_o_lantern/jack_o_lantern4", "y": 90 }
		]
    }
}
